Row Labels,Station,Max of TempMax,above 25
30/05/2021,SN16400,25.7,TRUE
30/05/2021,SN32890,25.9,TRUE
31/05/2021,SN32890,26.5,TRUE
01/06/2021,SN16400,25.6,TRUE
01/06/2021,SN56960,25.9,TRUE
02/06/2021,SN58070,25.2,TRUE
02/06/2021,SN74350,25.4,TRUE
02/06/2021,SN85080,25.5,TRUE
02/06/2021,SN87640,25,TRUE
03/06/2021,SN58070,25.4,TRUE
03/06/2021,SN74350,27,TRUE
03/06/2021,SN91380,26.5,TRUE
04/06/2021,SN58070,25.1,TRUE
04/06/2021,SN74350,25.9,TRUE
10/06/2021,SN74350,26,TRUE
28/06/2021,SN16400,25.5,TRUE
28/06/2021,SN32890,25.4,TRUE
30/06/2021,SN56960,25.4,TRUE
01/07/2021,SN56960,27.1,TRUE
01/07/2021,SN58070,26.5,TRUE
01/07/2021,SN74350,26.6,TRUE
02/07/2021,SN15430,25.5,TRUE
02/07/2021,SN16400,26.1,TRUE
02/07/2021,SN56960,28.2,TRUE
02/07/2021,SN58070,27.9,TRUE
02/07/2021,SN74350,30.8,TRUE
03/07/2021,SN15430,27.3,TRUE
03/07/2021,SN16400,28.1,TRUE
03/07/2021,SN210,25,TRUE
03/07/2021,SN25630,26.8,TRUE
03/07/2021,SN58070,26.2,TRUE
03/07/2021,SN74350,32.2,TRUE
04/07/2021,SN56960,26.1,TRUE
04/07/2021,SN74350,29.2,TRUE
04/07/2021,SN80200,30,TRUE
04/07/2021,SN88100,26.2,TRUE
05/07/2021,SN56960,26.2,TRUE
05/07/2021,SN74350,29.1,TRUE
05/07/2021,SN80200,25.9,TRUE
05/07/2021,SN85080,29.9,TRUE
05/07/2021,SN87640,29.5,TRUE
05/07/2021,SN88100,29.1,TRUE
05/07/2021,SN91380,26.5,TRUE
05/07/2021,SN93301,30.6,TRUE
06/07/2021,SN80200,27.9,TRUE
06/07/2021,SN85080,30.2,TRUE
06/07/2021,SN87640,25.5,TRUE
06/07/2021,SN88100,29,TRUE
06/07/2021,SN91380,27,TRUE
06/07/2021,SN93301,28.9,TRUE
07/07/2021,SN80200,25,TRUE
07/07/2021,SN85080,27.8,TRUE
07/07/2021,SN87640,26.8,TRUE
07/07/2021,SN88100,26.5,TRUE
07/07/2021,SN91180,27.1,TRUE
07/07/2021,SN91380,28.7,TRUE
07/07/2021,SN92350,30.5,TRUE
07/07/2021,SN93301,28,TRUE
09/07/2021,SN74350,26.5,TRUE
10/07/2021,SN74350,25.8,TRUE
13/07/2021,SN15430,25.1,TRUE
13/07/2021,SN16400,25.1,TRUE
13/07/2021,SN56960,25.2,TRUE
13/07/2021,SN58070,25.2,TRUE
15/07/2021,SN32890,25.2,TRUE
16/07/2021,SN32890,26.9,TRUE
22/07/2021,SN32890,27.9,TRUE
23/07/2021,SN15430,26.6,TRUE
23/07/2021,SN16400,26.1,TRUE
23/07/2021,SN25630,26.9,TRUE
23/07/2021,SN32890,25.2,TRUE
23/07/2021,SN40880,25.1,TRUE
23/07/2021,SN56960,26.1,TRUE
24/07/2021,SN15430,26.5,TRUE
24/07/2021,SN16400,28.2,TRUE
24/07/2021,SN25630,25.2,TRUE
24/07/2021,SN56960,26.7,TRUE
24/07/2021,SN58070,25.5,TRUE
25/07/2021,SN15430,26.1,TRUE
25/07/2021,SN16400,26.8,TRUE
25/07/2021,SN25630,25.3,TRUE
25/07/2021,SN56960,27.4,TRUE
25/07/2021,SN58070,26.5,TRUE
25/07/2021,SN74350,28.2,TRUE
26/07/2021,SN16400,25.7,TRUE
26/07/2021,SN56960,27.8,TRUE
26/07/2021,SN58070,30,TRUE
26/07/2021,SN74350,30.1,TRUE
27/07/2021,SN56960,25,TRUE
27/07/2021,SN74350,27.8,TRUE
27/07/2021,SN80200,29.2,TRUE
27/07/2021,SN88100,25.9,TRUE
28/07/2021,SN74350,29,TRUE
28/07/2021,SN80200,28.4,TRUE
29/07/2021,SN74350,29.8,TRUE
07/08/2021,SN85080,25.4,TRUE
07/08/2021,SN91380,25.5,TRUE
08/08/2021,SN91380,25.5,TRUE
